1.539341653318336382e-02,1.160238654866512301e-02,3.044968706629196387e-01,-1.022128936491833485e-02,8.248600689707200452e-04,1.559952020124979244e+00,3.622545239757425650e-02,2.002437918011702733e-02,6.187204643007638422e-03,1.843035137635533338e-02,-2.553488526725497532e-02,-5.733020557019087235e-04,1.629795952013586915e-02,1.898664061179569651e-02,2.589499156971466487e-01,-1.022142471932424678e-08,-2.539669668973280839e-10,-6.982946631445322572e-01,8.811420766132810334e-03,-1.395999785109121483e+00,-1.395999814930913185e+00,-2.471502714803511802e-01,-8.063447033360843230e-03,1.257832309047066490e-05,9.429001058872035212e-01,1.745000132627454459e+00,3.449998777899772051e-01,-1.984860367834789465e-08,-4.589160948617314606e-01,8.814505714931752944e-03,1.395999920493668611e+00,1.396000117418558339e+00,-5.739554259668798730e-01,-8.826674619215843162e-03,1.895083250618427611e-05,1.033488145429956484e+00,1.745000133397135000e+00,-3.449998444515006146e-01,1.982634772900270422e-08
1.954023220284916221e-02,1.422237752566492611e-02,3.049218553656009578e-01,-1.106761597451349360e-02,-3.244432933511262650e-04,1.559940708047873104e+00,1.027371115489664755e-01,6.426242811320209691e-02,1.049648540046023773e-02,2.850133516929467814e-02,-2.146866534210765259e-02,-2.775079761081507669e-04,1.941951022181181638e-02,2.088029215559812635e-02,2.592150691166429377e-01,-2.146371448511358403e-08,-6.283679215808794741e-10,-7.037773915631951871e-01,-1.631142020740031229e-02,-1.395999810347606562e+00,-1.395999908486443619e+00,-2.206971827455570523e-01,1.676223216380721970e-02,3.502123721508130691e-06,9.229413730766535817e-01,1.745000148610161839e+00,3.449998958873742860e-01,5.166633437313699356e-08,-4.749472948501287650e-01,-1.631030575882835842e-02,1.395999884350847431e+00,1.396000028815888250e+00,-5.563712921677282930e-01,1.630120410566335970e-02,1.319580512620092987e-05,1.031695623803280393e+00,1.745000148946943552e+00,-3.449998237795776079e-01,-5.225264038245426436e-08
2.530901015814766147e-02,1.811565863986355773e-02,3.054770462550695509e-01,-1.042233181087743807e-02,-5.786677753110021881e-04,1.559938185609725636e+00,1.449165660246325982e-01,9.704853595172584224e-02,1.386092519254946039e-02,6.530378379665167238e-03,1.606215162336327440e-02,-5.577641274476642739e-05,2.380788950985006716e-02,2.370462589742730955e-02,2.595373884292055955e-01,-2.682663437106752690e-08,-7.199941837139837933e-10,-7.078664233890069601e-01,-4.778369267346596616e-02,-1.395999829451060492e+00,-1.395999960588419686e+00,-1.828289943782993587e-01,4.805595710867915926e-02,4.350789131611670002e-07,8.893732712232409465e-01,1.745000152984470088e+00,3.449998970365038553e-01,-5.988141000158115606e-08,-4.945649777346903253e-01,-4.778365494618569409e-02,1.395999866185848148e+00,1.395999980059729140e+00,-5.298263557100448828e-01,4.777656208717073749e-02,8.833906187269355552e-06,1.024620345020815337e+00,1.745000151926996423e+00,-3.449998223127014318e-01,5.877689051963060795e-08
3.002950027862366644e-02,2.248623662550278818e-02,3.056060818878261753e-01,-1.134757185655596058e-02,-2.702043110561983073e-03,1.560026698275317258e+00,1.169923887603710744e-01,1.069698921106158607e-01,2.991939940756364186e-03,5.283116862882319964e-02,-2.370366971103309711e-02,2.174873570463498832e-03,2.712921897440780106e-02,2.694349816641370896e-02,2.595728635124846528e-01,-1.878219377333612538e-08,-3.032085562461271251e-10,-7.283156448278832462e-01,-8.506637787917617488e-02,-1.395999852977301892e+00,-1.395999979533007807e+00,-1.537026312875606204e-01,8.522883043077343623e-02,5.770855551622027435e-07,8.812259148814447496e-01,1.745000145590597018e+00,3.449998765812166135e-01,7.898144155940768584e-08,-5.167364472656725827e-01,-8.386745855611060785e-02,1.395999861787781349e+00,1.395999957246353063e+00,-4.927036511564956145e-01,7.706567055518441511e-02,4.915444383349274187e-06,1.009177184074232736e+00,1.745000146524068541e+00,-3.449998465043510043e-01,-7.962230380749061421e-08
3.372122355110568348e-02,2.640373135949457967e-02,3.058478531507276554e-01,-3.393229710893138837e-03,-4.076791018088474911e-03,1.560030285302094422e+00,1.009110807098681645e-01,9.635248995060939625e-02,5.960920022771638502e-03,3.650794487274038047e-02,1.984769091636678640e-01,7.636926671023129033e-04,2.953764229741216024e-02,3.036258227334350662e-02,2.600517959344929575e-01,-1.228654525042645386e-08,-1.964138461673073930e-10,-7.665773227984166160e-01,-1.174344121023115639e-01,-1.395999864450913286e+00,-1.395999992641393295e+00,-1.698144915256959986e-01,1.175317710398152971e-01,3.945803895154291951e-07,9.358990392064876485e-01,1.745000137275898755e+00,3.449998571989901230e-01,-8.446807636094776129e-08,-5.360406621849727049e-01,-1.131189611346817281e-01,1.395999865779036675e+00,1.395999950242538645e+00,-4.624259256898936576e-01,8.824013431998760371e-02,3.031751928886314556e-06,9.983092503594337419e-01,1.745000129947159806e+00,-3.449998662067373933e-01,8.063212618320403895e-08
3.722317040721943165e-02,2.969198376471230208e-02,3.053693236581040416e-01,1.699972052503260101e-03,-4.133898328418827289e-03,1.560041488746728655e+00,9.307755341558186790e-02,8.208481649760769605e-02,-1.196470739753860597e-02,2.797692352653056991e-03,1.273065127311611699e-01,8.028194960095374512e-04,3.193664789825145789e-02,3.455913111445940711e-02,2.601496821690981731e-01,-8.058750721574860082e-09,-5.992796979196640033e-11,-8.007378837311026620e-01,-1.480568539701056230e-01,-1.395999872907397688e+00,-1.395999998721733970e+00,-2.706266102672933438e-01,1.481152567870702152e-01,3.701199371851409325e-07,1.071452007762214942e+00,1.745000122808313403e+00,3.449998628146179191e-01,9.501782550939837304e-08,-5.548235042522631222e-01,-1.374701087647794417e-01,1.395999863320503742e+00,1.395999941943495415e+00,-4.434570891787223967e-01,1.017445404562463407e-01,1.573907366483815178e-06,9.981861332286723343e-01,1.745000121006340166e+00,-3.449998670998656314e-01,8.181500786503080322e-08
4.006401783911211351e-02,3.202494037244751901e-02,3.045412014830102265e-01,6.436750902573934625e-03,-3.009392188546975832e-03,1.559987089749483635e+00,7.616994015584026279e-02,5.948851973026769019e-02,-2.060350856804822606e-02,-2.683424950556299524e-02,1.187151787550237009e-01,-9.370226298098943696e-04,3.401957925982745240e-02,3.857237244448559477e-02,2.599880795823240054e-01,-2.923531441979906364e-09,1.195663633900943003e-10,-7.928434133170888520e-01,-1.696326257352502032e-01,-1.395999878992373766e+00,-1.396000000887565040e+00,-3.985566639544406153e-01,1.696675930920872599e-01,2.846697133994418238e-07,1.191485107687650036e+00,1.745000113226607308e+00,3.449998583848289391e-01,-9.624138384951989653e-08,-5.700939041961128328e-01,-1.540812203992084073e-01,1.395999864108800281e+00,1.395999938664505891e+00,-4.364746748565642154e-01,1.114474524542668210e-01,7.684106100774165606e-07,1.006911583477502425e+00,1.745000112291031691e+00,-3.449998731438673749e-01,-1.041310808837476898e-07
4.194671508505119772e-02,3.361359541858032624e-02,3.036045817175519468e-01,1.020238793951458445e-02,-1.342749993197019705e-03,1.559990036517927114e+00,5.117450740869260162e-02,4.148088770806362957e-02,-2.327348364539665385e-02,-4.064619887540231458e-02,9.458565703671990843e-02,2.785267099844140025e-04,3.551426122224875942e-02,4.213148223366753459e-02,2.596667008237286689e-01,-1.270841151163795230e-10,2.389495711570213472e-10,-7.369205142611269244e-01,-1.809792907291364605e-01,-1.395999883368881811e+00,-1.396000000619200154e+00,-5.253595714302627950e-01,1.810002046758110161e-01,2.078679919724528901e-07,1.262332583605092262e+00,1.745000109994244486e+00,3.449998515708964097e-01,-9.319083996253857073e-08,-5.832563823296850192e-01,-1.632482318828479273e-01,1.395999864035596616e+00,1.395999935629548716e+00,-4.366851756704062115e-01,1.168693451551874596e-01,3.297010809282660483e-07,1.020147057106354893e+00,1.745000110404741456e+00,-3.449998788777056680e-01,9.311978305712965552e-08
4.279265542055007976e-02,3.500203653292481565e-02,3.028899915368072904e-01,1.321883622572471613e-02,1.460111516092787694e-04,1.560041675535272176e+00,2.444523849851864411e-02,3.629210463278296356e-02,-1.774841683291958350e-02,-3.640391949376146907e-02,7.580812065550776579e-02,1.336099238307270932e-03,3.628282424290659586e-02,4.520935116903766066e-02,2.593193278568344806e-01,-1.033005675106854157e-09,3.389294468843056956e-10,-6.482059027780324723e-01,-1.821875727502461351e-01,-1.395999885317725564e+00,-1.396000000522997997e+00,-6.207394804268913102e-01,1.822000472025028517e-01,1.389873023759129666e-07,1.268580518264161627e+00,1.745000114675118619e+00,3.449998444236545003e-01,1.145397608309532393e-07,-5.947538039506918839e-01,-1.659485661975810822e-01,1.395999862139886361e+00,1.395999931906684033e+00,-4.364115883373812510e-01,1.173225512298723405e-01,1.444355748807943309e-07,1.030888438627000525e+00,1.745000115683764452e+00,-3.449998822700871548e-01,-1.118055345468359400e-07
4.227403360150657624e-02,3.714468175004512207e-02,3.026843001129887467e-01,1.287105828959634636e-02,-9.539316732065877911e-05,1.560026082696967187e+00,-1.334743620707160711e-02,5.330798209038498103e-02,-5.162279463023222714e-03,5.941186740787224307e-03,-8.758896296521684333e-03,-3.896009098913457910e-04,3.605358854221711595e-02,4.830276619325112736e-02,2.588797445138992237e-01,-5.638288052774517398e-09,5.676877792169850074e-10,-5.390344502313417774e-01,-1.701126937249845261e-01,-1.395999887084460767e+00,-1.395999999488341192e+00,-6.572297208378345967e-01,1.701201356121921082e-01,9.372000846261487658e-08,1.196054361801756061e+00,1.745000127346311602e+00,3.449998364177385701e-01,-1.028182774037962895e-07,-6.068517765548835374e-01,-1.591689814000863401e-01,1.395999856843314291e+00,1.395999924936710990e+00,-4.234479282616123719e-01,1.139943530046603204e-01,9.342009504025055493e-08,1.030134079453152829e+00,1.745000130762040635e+00,-3.449998845084566446e-01,1.057285819258004688e-07
4.025398292318885934e-02,4.005505260016410662e-02,3.024258449277339444e-01,1.603158410120878157e-03,-2.492290661414038860e-04,1.560015758606589475e+00,-6.273434530892094130e-02,7.272400758167910095e-02,-6.388773921211619508e-03,8.102959281561716506e-04,-2.817255606016817460e-01,-3.066423832167137695e-04,3.470188772839755131e-02,5.138701934215616357e-02,2.581626276929646080e-01,-1.166969809085101779e-08,8.090869976789592425e-10,-4.642638753368293347e-01,-1.532693212897439372e-01,-1.395999889681731609e+00,-1.395999992819527247e+00,-6.571311478002239692e-01,1.532737911427656530e-01,5.350072900020921059e-08,1.121288778408600750e+00,1.745000129242502585e+00,3.449998373964599518e-01,1.174288065715695973e-07,-6.185104931620248880e-01,-1.467014511561584578e-01,1.395999851339323250e+00,1.395999918725365774e+00,-4.020705644439056536e-01,1.175971830717440214e-01,1.168249206733726277e-07,1.020482205274809040e+00,1.745000140844253478e+00,-3.449998844350236071e-01,-1.212959212707596214e-07
3.640085073944199917e-02,4.379737297131051921e-02,3.023905180569404494e-01,-8.747375011279045348e-03,-2.240109395918012732e-04,1.560006754954430086e+00,-1.075636695469679716e-01,9.370660729556858082e-02,-9.206956927391334380e-04,-3.421167923473039489e-03,-2.587437898060755970e-01,-2.863204312496003302e-04,3.183952094371831493e-02,5.476453868890952814e-02,2.577067585200844557e-01,-1.609153520953539747e-08,7.588178754807715546e-10,-4.297646347342425344e-01,-1.315642366001092134e-01,-1.395999891021288519e+00,-1.395999992737028794e+00,-6.458766153592561121e-01,1.315668204274068886e-01,8.557552870533770891e-08,1.075191041104105460e+00,1.745000137005320529e+00,3.449998281455576854e-01,-1.082937798283982977e-07,-6.327046257954951347e-01,-1.276210970069971418e-01,1.395999853888400644e+00,1.395999919764561170e+00,-3.748468643347908080e-01,1.101596678343264857e-01,3.161116639831290003e-08,1.007492163478122649e+00,1.745000143179679775e+00,-3.449998924772038622e-01,1.151312001782311223e-07
3.216854508967591925e-02,4.670304340358835682e-02,3.042141887349359974e-01,-3.926256727418240590e-03,2.146528472444682312e-03,1.561242272214267590e+00,-1.004223384191784973e-01,7.515204101913718071e-02,4.586721381805438508e-02,-5.803448880306369406e-02,1.211248142383058446e-01,3.077207653778820870e-02,2.874555475276479102e-02,5.687426478459188528e-02,2.591406870962225106e-01,-1.083867859594746228e-08,-6.490115331254044480e-10,-4.306558251895777900e-01,-9.493989216722278912e-02,-1.395999884301524219e+00,-1.396000006166354002e+00,-6.259241887398869775e-01,9.661721423419469823e-02,1.451539271111470250e-03,1.056309094125029491e+00,1.745000133581604107e+00,3.449998242303632945e-01,1.260157505398977960e-07,-6.536187494007441590e-01,-9.257698276685527583e-02,1.395999857724021354e+00,1.395999925113724949e+00,-3.499641446933433597e-01,7.788725710882413167e-02,-1.693415372103282141e-06,9.900972898133399980e-01,1.745000127425131886e+00,-3.449998868283869480e-01,-1.227081302742850289e-07
2.674461563742494552e-02,5.095401090398430505e-02,3.053940225215004967e-01,-1.735697916735455797e-03,4.766711574463099350e-03,1.561150231216976048e+00,-1.332023458738564314e-01,1.090967362882351854e-01,2.976327718214587595e-02,-6.497586895856223566e-02,5.539002809619315848e-02,-2.490323031722221220e-03,2.470073137399069266e-02,6.004074275625469193e-02,2.599454288999271667e-01,-1.915598099830830001e-08,7.042852866283568806e-10,-4.455856811204927936e-01,-5.416654200093598548e-02,-1.395999882848577123e+00,-1.395999999680284542e+00,-6.019554105350717332e-01,5.957908342904763566e-02,9.452383636563996359e-04,1.047373612536883991e+00,1.745000142062501647e+00,3.449998321453318639e-01,-1.170181082756245118e-07,-6.729671702073674044e-01,-5.275122910347601612e-02,1.395999856919917015e+00,1.395999925221504512e+00,-3.173831049802079973e-01,4.264160057947438687e-02,-4.121519883335047769e-06,9.680635260275414211e-01,1.745000137034775634e+00,-3.449998871074019813e-01,1.178824548851211888e-07
2.034826189489430739e-02,5.623134910108500834e-02,3.063061847026246620e-01,1.642332660259785467e-04,6.938992163082798731e-03,1.560769159547743978e+00,-1.578602808663891466e-01,1.342730325977314898e-01,2.301615806439209766e-02,-5.383720182254168179e-02,4.802940103819821477e-02,-9.804790911230251704e-03,1.990903488144315017e-02,6.397587159777855248e-02,2.604870680504293712e-01,-2.029046461646756547e-08,7.757964729291266209e-10,-4.669394976077789750e-01,-1.050424588780254909e-02,-1.395999881264629927e+00,-1.395999997439373974e+00,-5.724138077415392711e-01,1.836776497197925573e-02,5.681386251613093717e-04,1.040014851043567612e+00,1.745000144624712091e+00,3.449998357196061294e-01,1.255214299553910901e-07,-6.885771966424949486e-01,-9.657550716764939924e-03,1.395999856406861639e+00,1.395999924146985371e+00,-2.760567469932223572e-01,2.624621798002907402e-03,-1.597938166654850538e-04,9.380486223982336114e-01,1.745000141053559384e+00,-3.449998860522634492e-01,-1.244784711098232207e-07
1.271582249737891225e-02,6.241114985038825197e-02,3.069861394118544862e-01,5.092429066640946980e-03,9.184940388353195683e-04,1.568929715580285933e+00,-1.846925821103061194e-01,1.479442090136681986e-01,1.638887188168770478e-02,1.512441799859894909e-01,1.223085081514609929e-01,2.035309826592195948e-01,1.411643247076862194e-02,6.833030465504003059e-02,2.607750188318674334e-01,-5.748442369341352954e-09,-4.739449564717066420e-09,-4.925462593624105878e-01,3.809079077693576509e-02,-1.395999884953627479e+00,-1.395999996722939063e+00,-5.318702385771938435e-01,-3.336587162136991913e-02,1.164285563029568080e-02,1.024817310865273834e+00,1.745000137667872542e+00,3.449998296302788647e-01,-1.218964624407379010e-07,-6.995444982567813330e-01,3.899919151719966059e-02,1.395999855755581720e+00,1.396000597817414590e+00,-2.072782106577515937e-01,-4.447496045811796805e-02,-9.683629582086524619e-05,8.912589550743525990e-01,1.745000155875576553e+00,-3.449998914245740456e-01,1.231471860131272874e-07
6.753379842367246595e-03,6.733360630666951341e-02,3.068914669398042361e-01,5.910961562598522623e-03,2.420528355223722748e-03,1.565763237003586550e+00,-1.484882068237359520e-01,1.246712140434078631e-01,-2.219337331122325785e-03,-3.748009337581550970e-02,2.059273946761655538e-02,-7.919619437177571886e-02,9.707819171101519581e-03,7.175989953397120258e-02,2.606177254642992325e-01,-1.021698612658250311e-08,4.040243302502418962e-09,-5.151204502959290110e-01,7.804959568949032533e-02,-1.395999864601187745e+00,-1.395999995501432611e+00,-4.939303147365172175e-01,-6.841854341483641355e-02,6.988622492036380279e-03,1.009295394509537980e+00,1.745000127833323367e+00,3.449998677091516419e-01,1.238429765579030400e-07,-7.233198190436012087e-01,7.979329817343988607e-02,1.395999855033300818e+00,1.395999850337588999e+00,-1.683783788452197228e-01,-8.307753643002904753e-02,-5.871236441974132775e-05,8.823565220050255675e-01,1.745000111984104763e+00,-3.449998637353788311e-01,-1.229030173098954551e-07
1.870348643062447018e-03,7.155444364722030048e-02,3.067347601174579830e-01,-2.028098799191812868e-03,2.121816175362583722e-03,1.563847674359865270e+00,-1.308884547657232778e-01,1.052454070170183720e-01,-3.931045220391216760e-03,6.278630102297566573e-03,-1.985183078600594175e-01,-4.743830399919569951e-02,6.347777475769083612e-03,7.559559385032774137e-02,2.608907279331648676e-01,2.329309324197449813e-11,1.686718816093177017e-09,-5.374691282116481617e-01,1.124274120072192018e-01,-1.395999857751130335e+00,-1.395999993858065391e+00,-4.615603955363371536e-01,-8.585099323187103670e-02,4.192967173064079262e-03,9.995727338892701486e-01,1.745000114738944452e+00,3.449998803938197911e-01,-1.179656614439250179e-07,-7.731619458812348800e-01,1.186678385636278227e-01,1.395999847682602102e+00,1.395999869809529947e+00,-2.049980734042921582e-01,-1.206384736213731712e-01,-3.499895550502514469e-05,9.725449126534950750e-01,1.745000116224928455e+00,-3.449998489997970763e-01,1.231332229614453199e-07
-2.276153676053565070e-03,7.472592240563614985e-02,3.061237341630222430e-01,-8.432474003056647516e-03,2.998799587283324745e-03,1.562665687654714475e+00,-1.107257240047559571e-01,8.029904464090933947e-02,-1.522389823468642787e-02,-2.313112432988331801e-02,-1.599395922869818742e-01,-2.913974062745281271e-02,3.370993375017584340e-03,7.942611771474619720e-02,2.608971366398983860e-01,3.220271385194157439e-09,3.905805082995508631e-10,-5.556808030131543674e-01,1.370551173561622149e-01,-1.395999856021087560e+00,-1.395999994138339861e+00,-4.429317260922888688e-01,-1.003107856823385047e-01,2.515595884027301693e-03,9.989315756823933246e-01,1.745000106024809261e+00,3.449998816538100144e-01,1.216776721585973248e-07,-8.046909109063131726e-01,1.487968163336766958e-01,1.395999851833273020e+00,1.395999893285106985e+00,-2.917160171903620536e-01,-1.499792524165574348e-01,-2.075369214588902695e-05,1.093506767271809732e+00,1.745000107515712884e+00,-3.449998506507946372e-01,1.119923711647915143e-07
-5.430766869542501436e-03,7.675432866345716088e-02,3.051934943909387354e-01,-1.367461317914256402e-02,4.103535745791547611e-03,1.561934777467242741e+00,-8.461749444866945025e-02,5.196712958491180034e-02,-2.320908594860979224e-02,-2.873083681456060218e-02,-1.308136057800615148e-01,-1.780736240247728780e-02,1.026040478037301348e-03,8.301180492902977825e-02,2.606486812666850006e-01,7.648610539387936438e-09,-2.603494682871163174e-10,-5.706092762252970019e-01,1.538323341511251829e-01,-1.395999853735002461e+00,-1.395999995742433608e+00,-4.361527612531712061e-01,-1.105870946350998307e-01,1.509156431229310286e-03,1.006947635396364671e+00,1.745000100756792127e+00,3.449998855161874878e-01,-1.193304417517708132e-07,-7.952189450113877900e-01,1.700766185929133700e-01,1.395999852548514220e+00,1.395999908300935566e+00,-4.112620178477461308e-01,-1.707860339661934346e-01,-1.219017716609101216e-05,1.204727677913782102e+00,1.745000101864230935e+00,-3.449998474675631255e-01,-1.305731627163423737e-07
-7.330786733776614716e-03,7.802460429184346347e-02,3.040630166350372088e-01,-1.789745807675943712e-02,4.729791120892912551e-03,1.561482895320239983e+00,-5.212187239789859566e-02,3.248633329371700129e-02,-2.827264353078602632e-02,-1.661509428403528527e-02,-1.054236228980587609e-01,-1.083078252856292494e-02,-4.801151777137018612e-04,8.659288309687915297e-02,2.600483704287782638e-01,8.838986534699023581e-09,-5.970659008012110941e-10,-5.855665991640712775e-01,1.618990559186551659e-01,-1.395999851258510560e+00,-1.395999998724977598e+00,-4.368871921070131559e-01,-1.151530821128593229e-01,9.052634717177342194e-04,1.022562552494266530e+00,1.745000102142459264e+00,3.449998904512819875e-01,-1.110167620343177030e-07,-7.099840419935434799e-01,1.788457895051755175e-01,1.395999850431190126e+00,1.395999917624149766e+00,-5.468741556400011916e-01,-1.792713990270659308e-01,-7.037131211704086571e-06,1.255467816595717823e+00,1.745000102674377107e+00,-3.449998414943678537e-01,1.115631133483853038e-07
-7.923031011418134317e-03,7.928103512520483231e-02,3.033592185405337704e-01,-2.094850574297482670e-02,4.805315271183265187e-03,1.561209925526827469e+00,-1.814318916044080354e-02,3.152976114354810733e-02,-1.765186776905390553e-02,-2.608804748056130218e-03,-7.625413679095742470e-02,-6.460595165198205342e-03,-1.033613423369532641e-03,8.949820239542337352e-02,2.595934694047337121e-01,4.146272761574499712e-09,-7.641624596130744546e-10,-5.977410094113357886e-01,1.627391772540895953e-01,-1.395999849117255387e+00,-1.396000004619534440e+00,-4.337301522204783377e-01,-1.138927659939347192e-01,5.432470126010245648e-04,1.031536267322229028e+00,1.745000112486696953e+00,3.449998918533021541e-01,1.314309794235341661e-07,-6.084769274657289007e-01,1.769074611248499240e-01,1.395999845853112653e+00,1.395999920803934202e+00,-6.317940639952910331e-01,-1.771627631081647003e-01,-4.111700509576501634e-06,1.238909279838410038e+00,1.745000112256991365e+00,-3.449998341887924314e-01,-1.285643112627176205e-07
-7.255447372126966332e-03,8.097505258452958321e-02,3.030450261837234760e-01,-1.931169317789448170e-02,3.966066216858091242e-03,1.561090933455757668e+00,1.844542676962390715e-02,4.142502266502361141e-02,-7.901702397707871875e-03,2.137495491164345326e-02,4.071565013351023665e-02,-3.154265104401912309e-03,-6.293028286847129589e-04,9.204693549662287810e-02,2.591392746190321339e-01,-1.372676091903423254e-09,-8.940354608553055665e-10,-6.082452997079341728e-01,1.572433477583936590e-01,-1.395999847998415255e+00,-1.396000011327012569e+00,-4.218373815490703005e-01,-1.119364835571213801e-01,3.260327873908751284e-04,1.030521989595108101e+00,1.745000124833218536e+00,3.449998902522948274e-01,-1.160971012755212423e-07,-5.151631907676377242e-01,1.673445806631820576e-01,1.395999842984816830e+00,1.395999924895175326e+00,-6.638464584879075758e-01,-1.674977148119203285e-01,-2.378941568800876656e-06,1.178213338764568130e+00,1.745000120971779811e+00,-3.449998318585802970e-01,1.146129849628398115e-07
-4.600266079295401399e-03,8.412369259759067130e-02,3.029081446658442034e-01,-7.356724960806749515e-03,2.310327904349181952e-03,1.560932696579042878e+00,7.932143905070568324e-02,7.679447391491735220e-02,-3.414319849519620309e-03,4.431579900680839013e-02,2.984570821766542315e-01,-4.893858039218599784e-03,1.205448582262860996e-03,9.513416856899141461e-02,2.584861576267710181e-01,-1.259316196566754213e-08,-1.010744769739161122e-09,-6.225468686584649802e-01,1.403463153251889306e-01,-1.395999844421646152e+00,-1.396000020996077229e+00,-3.939044444003145240e-01,-1.127624494230338170e-01,1.956919607284633711e-04,1.016715645557286107e+00,1.745000144648438223e+00,3.449998923764878711e-01,1.341401522458106860e-07,-4.547597318207989847e-01,1.464095742652939125e-01,1.396000112479115041e+00,1.395999931589958720e+00,-6.543056220512850629e-01,-1.465014657044485524e-01,-1.356157832874196618e-06,1.107002807642645914e+00,1.745000133151015653e+00,-3.449998276986494528e-01,-1.268422912547105516e-07
1.734672767804055452e-04,8.818322452272073231e-02,3.029173749423847983e-01,2.696870866980287124e-03,2.139865236090584925e-03,1.560805404863531587e+00,1.302412305856141816e-01,1.011954044646009576e-01,2.389951217423923018e-04,6.756451145351248522e-03,2.512867022220363067e-01,-3.741552685750996338e-03,4.789231152620539167e-03,9.866344940274651698e-02,2.580711533919820555e-01,-1.956829266092011592e-08,-9.408195661206279908e-10,-6.395258326530788295e-01,1.166085962019713929e-01,-1.395999841501549987e+00,-1.396000020770538530e+00,-3.631492350694275895e-01,-1.000593375874671009e-01,1.174534890245014507e-04,1.002434058992734078e+00,1.745000144910462847e+00,3.449999016490316595e-01,-1.206960780942501792e-07,-4.295497772377944168e-01,1.202496354328183303e-01,1.395999804983451442e+00,1.395999930970379665e+00,-6.401863095627309264e-01,-1.203046457675491787e-01,-7.008890451993402058e-07,1.069870975608370189e+00,1.745000139824080199e+00,-3.449998188087349815e-01,1.171137508126939061e-07
4.284352556993780044e-03,9.082068140879676066e-02,3.044084694746473363e-01,-1.526471257314736089e-03,4.753090229726039152e-03,1.559800238558217700e+00,9.811770336844040374e-02,6.882235296498390165e-02,3.754008347449758892e-02,-6.643499053145698885e-02,-1.048918378910969063e-01,-2.476526816219907709e-02,7.816309120899403787e-03,1.005963161342127016e-01,2.592336741587666360e-01,-8.701685993820037621e-09,4.508952846967706323e-10,-6.577121227350337662e-01,8.596860053019628189e-02,-1.395999852762025206e+00,-1.395999325781974720e+00,-3.413812755497828699e-01,-7.027311958375015433e-02,7.059294152169867664e-05,9.874627129943689408e-01,1.745000120853310133e+00,3.449998848629551307e-01,1.293341727536813408e-07,-4.305507869659829234e-01,8.815048361913438435e-02,1.395999814166156483e+00,1.395999918780292504e+00,-6.225139894596711798e-01,-8.819062587502068951e-02,1.070613043546400417e-03,1.053173423262549813e+00,1.745000127859670291e+00,-3.449998295749255872e-01,-1.308688489753941034e-07
9.518687405318819808e-03,9.475951078826176655e-02,3.053931929382826538e-01,-3.957923679967350998e-03,6.991415099632962427e-03,1.559795094907016066e+00,1.282454385247445705e-01,1.009305996871833200e-01,2.482768447230177672e-02,-5.662330420890340082e-02,-6.016620173824595297e-02,2.283596420629557810e-04,1.171821563225106111e-02,1.035282537183555840e-01,2.598854050241263813e-01,-1.634504305220451883e-08,-5.964464841704564419e-10,-6.754194120315526462e-01,4.878594465037155992e-02,-1.395999854860034084e+00,-1.396000094228340815e+00,-3.101276624225294820e-01,-3.643029652443618982e-02,4.824961486707066149e-05,9.664887491873155323e-01,1.745000133225877770e+00,3.449998858971113358e-01,-1.196131735393123024e-07,-4.455114585767946389e-01,5.009232371211039259e-02,1.395999824242077025e+00,1.395999924024180494e+00,-5.999342583740805424e-01,-5.276627587855609036e-02,7.373747962761271254e-04,1.045531240991015354e+00,1.745000138620314445e+00,-3.449998343349393037e-01,1.224639397346506484e-07
1.576630639075099483e-02,9.968676128387406188e-02,3.061902204798500615e-01,-5.877718580637944501e-03,8.715930213459288645e-03,1.560092718622231311e+00,1.541551864143120010e-01,1.250750700516709280e-01,2.007878971029357362e-02,-4.363118485905245064e-02,-4.752272934293787915e-02,7.817525343017503806e-03,1.639776395492739680e-02,1.071904530457344906e-01,2.603415564943571958e-01,-1.811471368446126675e-08,-7.392344878135470749e-10,-6.900192199832613227e-01,7.674180929543750196e-03,-1.395999856014559448e+00,-1.396000069728837278e+00,-2.698434835717581914e-01,2.143594289540043385e-03,5.397187612412451818e-06,9.370653988941632928e-01,1.745000138582078808e+00,3.449998859591773548e-01,1.286992585857515422e-07,-4.669561844170658782e-01,8.458609228067764940e-03,1.395999829547317717e+00,1.395999926150083503e+00,-5.711241122844015194e-01,-1.314443623172912440e-02,4.436914689461971591e-04,1.039036130532416502e+00,1.745000142215340055e+00,-3.449998359157609995e-01,-1.292313959499368139e-07
2.269096370649853478e-02,1.050347416714609294e-01,3.068249412110707341e-01,-6.742785706568992822e-03,9.502573562353018588e-03,1.560249611839707562e+00,1.722011886429140048e-01,1.345627428734599562e-01,1.593553246269028764e-02,-1.989474784672665142e-02,-2.141561187824912380e-02,4.119330608007031047e-03,2.161559399949977700e-02,1.111153037705898128e-01,2.606599289985458423e-01,-1.397379662583449954e-08,-4.989317236014792083e-10,-6.997083325056712155e-01,-3.338726849248740969e-02,-1.395999857990215531e+00,-1.396000052331382246e+00,-2.218138020513202302e-01,4.243825911883794544e-02,-1.142254790285207600e-06,8.978725258051845071e-01,1.745000136886878384e+00,3.449998832034599228e-01,-1.219194520874711799e-07,-4.897583481633015490e-01,-3.292045387174655224e-02,1.395999834591081346e+00,1.395999927912958682e+00,-5.371968432546238015e-01,2.770760714156060567e-02,2.681230342979205091e-04,1.028354549625122738e+00,1.745000137774078475e+00,-3.449998401316508589e-01,1.236132262869334258e-07
2.862223899498876969e-02,1.099494219433846398e-01,3.067603129356097913e-01,-9.143336746175019514e-03,7.938667412238304202e-03,1.560198660349626731e+00,1.456535764162817659e-01,1.211960499052075202e-01,-1.783067404433465175e-03,3.846103510901688338e-02,-6.042152765883633536e-02,-7.504361098024875734e-04,2.598965612688046087e-02,1.144941119686506276e-01,2.605000068406179703e-01,-2.274261775722275613e-09,2.939378605525844637e-11,-7.233719305958858925e-01,-7.642718255816949302e-02,-1.395999867624285073e+00,-1.396000032192715512e+00,-1.771240998497851105e-01,8.185770940831285647e-02,1.204110738936979195e-06,8.863311836667520094e-01,1.745000125039257721e+00,3.449998699746631980e-01,1.266627185372228747e-07,-5.138496203439256726e-01,-7.494766049209763970e-02,1.395999845179776599e+00,1.396000587891741196e+00,-4.971414708274951577e-01,6.502273187437071500e-02,1.626481123610105158e-04,1.011684892629867827e+00,1.745000126315464861e+00,-3.449998586461101580e-01,-1.274098524808535300e-07
3.332937392081077033e-02,1.140026425608272331e-01,3.067829663872310153e-01,-1.275093008204431421e-03,6.542334752428980577e-03,1.560238231964703681e+00,1.262064683966848677e-01,9.972362560740040405e-02,4.776332689889195571e-04,3.698702067466722032e-02,1.963217462789984546e-01,-4.349555558628053278e-04,2.927591035951945461e-02,1.178204752346618256e-01,2.608001278690316727e-01,2.963528911469100381e-09,-8.416426579550106521e-11,-7.636041659052548169e-01,-1.122502045536430959e-01,-1.395999873706666783e+00,-1.396000023811364787e+00,-1.838759728308764774e-01,1.155085347334983137e-01,2.500901556776600663e-06,9.389776649190462177e-01,1.745000119676594519e+00,3.449998506035797941e-01,-1.236366156107735581e-07,-5.343084129905829593e-01,-1.077665220295992154e-01,1.396000093149192267e+00,1.395999861216517202e+00,-4.650969113111377284e-01,8.101381730931674074e-02,9.738142447569798042e-05,9.998447243331025636e-01,1.745000111758897354e+00,-3.449998769359473583e-01,1.215738557754347650e-07
3.760682385766907221e-02,1.170893190514119830e-01,3.061267940332966231e-01,4.201104654881375466e-03,5.608476976727656479e-03,1.560255270426099461e+00,1.128712630070902723e-01,7.608995105720932350e-02,-1.650326582848151216e-02,2.478938629803210253e-02,1.366488633479945314e-01,-4.057886025102255476e-04,3.234741938730302524e-02,1.217198461974130091e-01,2.607666519759206936e-01,6.345311185304363677e-09,6.206966170526334424e-11,-7.989506650513664709e-01,-1.449458709811610735e-01,-1.395999875071492369e+00,-1.396000011490766912e+00,-2.790367315607348853e-01,1.469009163589940214e-01,2.795580067702506020e-06,1.073287126959517446e+00,1.745000107965123615e+00,3.449998561414412968e-01,1.255104830896219310e-07,-5.537841681435994312e-01,-1.342583550350310018e-01,1.395999832304498867e+00,1.395999886740838747e+00,-4.450633127046168536e-01,9.740840499891863236e-02,5.815431275325833559e-05,9.991165505341295106e-01,1.745000105306227844e+00,-3.449998764069792667e-01,1.118164617715505639e-07
4.096105136845219069e-02,1.190486514789932809e-01,3.051613159858994617e-01,9.262043219195208177e-03,5.429029139446991427e-03,1.560239496516460322e+00,8.934530737805512768e-02,4.873018377249065114e-02,-2.419138394494125405e-02,5.820592962272656823e-03,1.264674445816477144e-01,-1.092597444348643006e-03,3.487830763079114577e-02,1.253404674208739300e-01,2.604975748302804650e-01,8.902036159727690341e-09,2.244325685565919497e-10,-7.917696614661359211e-01,-1.677658822131109506e-01,-1.395999878395418392e+00,-1.396000003096366182e+00,-4.036482903147990409e-01,1.689388587568729505e-01,2.473624614294099209e-06,1.192596622014439056e+00,1.745000101258698866e+00,3.449998516622056477e-01,-1.212980194346097677e-07,-5.694704598495082815e-01,-1.521541407584579841e-01,1.395999845253714788e+00,1.395999903695233080e+00,-4.374406068135900938e-01,1.088456317492785819e-01,3.543930924666794345e-05,1.007473241529954322e+00,1.745000099962124018e+00,-3.449998815436943200e-01,-1.308333451425797310e-07
4.316796631113269805e-02,1.202397263442769870e-01,3.041099780545176712e-01,1.323348914754348370e-02,5.779268663068202506e-03,1.560275824639520525e+00,5.949090304906089199e-02,3.011191350161385172e-02,-2.629790443982847614e-02,-7.709192780716201884e-03,9.937148243961035909e-02,3.517908907744880711e-04,3.665744336229310313e-02,1.285155759938584330e-01,2.600790061404666398e-01,8.157258586780248828e-09,3.471355029175621443e-10,-7.362761835427796830e-01,-1.798592227768109897e-01,-1.395999881562671519e+00,-1.395999997238663415e+00,-5.284224652561524405e-01,1.805629444463853761e-01,1.970726735398418603e-06,1.263003539644468987e+00,1.745000101219178479e+00,3.449998454870199516e-01,1.236464069074323368e-07,-5.828824357837808501e-01,-1.620920260583365857e-01,1.395999853118627954e+00,1.395999912773925544e+00,-4.372662964004757624e-01,1.153082086501631409e-01,1.914747390098481793e-05,1.020481878429943201e+00,1.745000101520027602e+00,-3.449998860787653054e-01,1.120112993538625016e-07
4.419889427486479311e-02,1.212547649659529991e-01,3.033030742414414282e-01,1.631034752350947470e-02,6.053116166000014828e-03,1.560355521147105629e+00,2.912342320009423877e-02,2.563924486393947405e-02,-2.019541401110014345e-02,-6.039652645910532913e-03,7.698770129863445610e-02,1.537332826964176802e-03,3.758892205885671495e-02,1.312466719963409356e-01,2.596519917923217902e-01,4.421737361101809023e-09,4.404786479392373885e-10,-6.478144700037200554e-01,-1.815155265900101345e-01,-1.395999883412935461e+00,-1.395999995107068070e+00,-6.225801595592981297e-01,1.819376889756877114e-01,1.468866718743331765e-06,1.268984365020623173e+00,1.745000108440311948e+00,3.449998391225003735e-01,-1.227746055767446898e-07,-5.945295012513472921e-01,-1.652548947186026351e-01,1.395999856559227759e+00,1.395999916014471154e+00,-4.367615333174857950e-01,1.163858504897061219e-01,1.182350197516369127e-05,1.031045831596020257e+00,1.745000109509691866e+00,-3.449998882725446858e-01,-1.288951811881177708e-07
4.377332650899760924e-02,1.230699540267257835e-01,3.030201035876076143e-01,1.591401314769934003e-02,4.745051051431099960e-03,1.560362822794783222e+00,-1.108344802113827784e-02,4.396402245183196611e-02,-7.194725544428544686e-03,3.259643966071679166e-02,-1.024898336771408458e-02,2.360370049838084270e-04,3.744094908436628594e-02,1.340409169268228506e-01,2.591476376081609523e-01,-2.263426172757586079e-09,6.486189532775714033e-10,-5.388010782968261081e-01,-1.697094573556396091e-01,-1.395999885485274206e+00,-1.395999994759182794e+00,-6.583360978939800656e-01,1.699627209958417262e-01,1.053809594073616316e-06,1.196298102133621200e+00,1.745000123021885452e+00,3.449998319791922063e-01,-1.143870740637780680e-07,-6.067172153110421684e-01,-1.587528203889010947e-01,1.395999854999297796e+00,1.395999912439836343e+00,-4.236591915586271906e-01,1.134323182790326068e-01,7.161195362384359039e-06,1.030261073328254007e+00,1.745000126576607524e+00,-3.449998893835830582e-01,1.173578353902349028e-07
4.178712510902806571e-02,1.257013988101870205e-01,3.027015631867843171e-01,4.526423184387074958e-03,3.701175639518460014e-03,1.560377834773789996e+00,-6.202520895907825960e-02,6.478223992137871479e-02,-7.940173779495606973e-03,2.312734230545547554e-02,-2.849469339270859769e-01,1.577586136649581370e-03,3.611836280587660264e-02,1.368731754740624973e-01,2.583826166118410872e-01,-9.765720958168453996e-09,8.617818716007382621e-10,-4.641241251167722015e-01,-1.530273868513826463e-01,-1.395999886917625332e+00,-1.395999987867013292e+00,-6.577965304312793915e-01,1.531793517962515006e-01,7.246696059203010720e-07,1.121435755756619024e+00,1.745000126304782295e+00,3.449998337629106571e-01,1.315623600833636916e-07,-6.184297502029677540e-01,-1.464517855846599326e-01,1.395999851693920490e+00,1.395999907127111861e+00,-4.021983426734370148e-01,1.172599455200267760e-01,4.353105993351374589e-06,1.020582858595965980e+00,1.745000138054394467e+00,-3.449998883115000248e-01,-1.321247281066484555e-07
3.792356925634512294e-02,1.292088803528697594e-01,3.026205527544892915e-01,-6.014528588014922232e-03,2.983240810524712301e-03,1.560383623192326485e+00,-1.080379657461592174e-01,8.702666576992158787e-02,-2.105296074648425018e-03,1.520267945407081239e-02,-2.636974251056914964e-01,1.025468428542542680e-03,3.324734010880212032e-02,1.400413434002328594e-01,2.578916788527371162e-01,-1.507928743387492000e-08,8.097808014841353300e-10,-4.296807716235125918e-01,-1.314191155115994880e-01,-1.395999889051766196e+00,-1.395999347657681300e+00,-6.462769561949588404e-01,1.315101916743516008e-01,5.545887818291000059e-07,1.075279661859605440e+00,1.745000135030111865e+00,3.449998251486688927e-01,-1.146239725696896497e-07,-6.326561506188786987e-01,-1.274713298607169087e-01,1.395999855338065032e+00,1.396000609289060668e+00,-3.749246011673471601e-01,1.099573167617971525e-01,2.581082827815333811e-06,1.007556217150329836e+00,1.745000141284111850e+00,-3.449998956071174683e-01,1.220765529299808767e-07
3.366701193928119118e-02,1.320215496847149395e-01,3.044155883783872252e-01,-9.156626828582430707e-04,4.907635982265262653e-03,1.561632277146938197e+00,-1.007354415511495516e-01,7.234630582733057869e-02,4.508551963194239870e-02,-4.685988409633773388e-02,1.279358184427372147e-01,3.071342117767030672e-02,3.013691656593420198e-02,1.420680036170551552e-01,2.593035771992792116e-01,-1.142067570516885413e-08,-6.060777400361298048e-10,-4.306053910846451283e-01,-9.485282943412612355e-02,-1.395999884709837602e+00,-1.396000075705212895e+00,-6.261651097576368397e-01,9.614063828032390346e-02,1.504251739096257139e-03,1.056362826699020374e+00,1.745000133391593211e+00,3.449998214824886444e-01,1.349838339510881813e-07,-6.535895191517046010e-01,-9.248724248754541799e-02,1.395999859511250385e+00,1.395999837907635266e+00,-3.498014251595987778e-01,7.710589802850736918e-02,-5.890143755934388464e-07,9.901373779807718378e-01,1.745000126820392738e+00,-3.449998895388331488e-01,-1.295082027649970806e-07
2.820091977423828250e-02,1.361973677232413971e-01,3.055464312836678742e-01,1.214129703281349379e-03,7.089036286078602596e-03,1.561637409023059364e+00,-1.343183103292661107e-01,1.067433822985972280e-01,2.848174968783754799e-02,-5.404495426600419705e-02,5.374128393085507438e-02,-1.910817581384574582e-04,2.605491160380852406e-02,1.451668553881343138e-01,2.600653020581442099e-01,-1.933304868420420777e-08,6.928317250337194044e-10,-4.455553582446990513e-01,-5.411431113375711477e-02,-1.395999882423859084e+00,-1.396000047397811361e+00,-6.021005585703906871e-01,5.908681157501768921e-02,1.212512594584619179e-03,1.047406378888439349e+00,1.745000141392305082e+00,3.449998301866336048e-01,-1.198418457175250662e-07,-6.729495269590902717e-01,-5.269748993049333530e-02,1.395999858718901088e+00,1.395999867975786124e+00,-3.169251853185482970e-01,4.170503672991837663e-02,-3.648372950068807033e-06,9.680884369993947303e-01,1.745000136639051957e+00,-3.449998892181965204e-01,1.218691147163995102e-07
2.172898073462290608e-02,1.413822016627698241e-01,3.064224743767095527e-01,2.821864990826436406e-03,9.130858416757904605e-03,1.561190462544863822e+00,-1.600747685311743884e-01,1.318217945598380292e-01,2.209039218187092840e-02,-5.066623323324128542e-02,4.066924454181942289e-02,-1.149962503797730649e-02,2.119736221231667203e-02,1.490250028568305685e-01,2.605761440965078668e-01,-2.056341826819745935e-08,8.869726082738710685e-10,-4.669211716426936443e-01,-1.047286316691922736e-02,-1.395999880648472136e+00,-1.396000030652559953e+00,-5.727077757845211448e-01,1.798342573645869691e-02,7.285713978782580244e-04,1.040034916517682539e+00,1.745000143705679241e+00,3.449998340291767218e-01,1.309709381368879643e-07,-6.885665560538690722e-01,-9.625545962158421620e-03,1.395999858255732029e+00,1.395999887046404098e+00,-2.759267138723083823e-01,1.705727137215895528e-03,-8.635908059426372976e-06,9.380640752202129562e-01,1.745000140068432515e+00,-3.449998878954091963e-01,-1.287251266413604735e-07
1.419989809189006746e-02,1.476057193913257459e-01,3.072817864867368187e-01,6.191292088357485540e-03,5.232829565306294436e-03,1.560795718443791280e+00,-1.846489714305557805e-01,1.513165722876009534e-01,2.109424753431041188e-02,9.827191426369608074e-02,8.327438065685385804e-02,-1.047356669460861728e-02,1.557564456650761472e-02,1.534937873847739276e-01,2.610314072245255024e-01,-1.073670345453936973e-08,6.374832901801058907e-10,-4.925356908602683825e-01,3.810999454027605426e-02,-1.395999881021306344e+00,-1.396000022461269641e+00,-5.249913027750749972e-01,-3.111461265263928966e-02,4.385901078055197064e-04,1.024829484907564314e+00,1.745000148628882863e+00,3.449998324700043750e-01,-1.226946002153777205e-07,-6.995379386396877175e-01,3.901846959493639189e-02,1.395999856609096312e+00,1.395999896855007805e+00,-2.132193794380075613e-01,-4.666399619714906022e-02,-8.765563863436384110e-04,8.912657600005156056e-01,1.745000145137835856e+00,-3.449998877873957648e-01,1.248469464925164877e-07
8.096699578275117631e-03,1.523647609450781149e-01,3.070738476748742229e-01,6.993496871605727784e-03,5.563306398641023470e-03,1.560931556719486357e+00,-1.516924287741546751e-01,1.193270855153394094e-01,-5.172025959586008109e-03,-8.062318270071117121e-03,2.013590124388667246e-02,3.287698516713450161e-03,1.101145323529250514e-02,1.567404770189816110e-01,2.607698094033196745e-01,-5.298879936246679498e-09,-1.226899674944175930e-10,-5.151143149228648577e-01,7.806114369890668203e-02,-1.395999865493833703e+00,-1.396000012215096842e+00,-4.898038385793125893e-01,-6.706605462796214057e-02,2.631581471919828760e-04,1.009301586235550552e+00,1.745000117113175486e+00,3.449998636258170270e-01,1.268020057601458604e-07,-7.233155515204195973e-01,7.980449740919254298e-02,1.395999857436567737e+00,1.395999914263351904e+00,-1.719419002361246562e-01,-8.439411871847352087e-02,-5.260060262012950178e-04,8.823617676781134733e-01,1.745000118642544562e+00,-3.449998686373605405e-01,-1.261058995667326806e-07
3.063104591103857788e-03,1.564631219162762599e-01,3.068527206498192217e-01,-9.677894655951782294e-04,4.295749306177347980e-03,1.560924177665678592e+00,-1.344956736354975257e-01,1.011679392268175631e-01,-5.626230127935880933e-03,2.972329268861619023e-02,-1.993338558657766213e-01,7.966596288805170151e-04,7.499824975533948314e-03,1.604548532995150323e-01,2.609872127859357849e-01,2.639583021957199398e-09,5.580944664926545184e-11,-5.374652600876906883e-01,1.124342227634398950e-01,-1.395999856233054892e+00,-1.396000007992084679e+00,-4.590838608219962036e-01,-8.503951280019164671e-02,1.575634349547270704e-04,9.995766442473810187e-01,1.745000110176782693e+00,3.449998779289778494e-01,-1.173083137537335431e-07,-7.731596443598057755e-01,1.186749121869495743e-01,1.395999849274748961e+00,1.395999914620579041e+00,-2.071373836899854659e-01,-1.214287664128065880e-01,-3.155407598131682793e-04,9.725505359832817831e-01,1.745000118362828756e+00,-3.449998516363731449e-01,1.246150030914783593e-07
-1.195295737046391665e-03,1.595568938373068957e-01,3.062106756527027684e-01,-7.442595321326970874e-03,4.592930229601437965e-03,1.560862659759906679e+00,-1.134908482201342911e-01,7.773680988398150304e-02,-1.605143032553800128e-02,-9.032107613602173568e-03,-1.617876053765215372e-01,-8.185415626182916855e-04,4.415402281325197208e-03,1.642112793632386769e-01,2.609674832801376354e-01,4.004144333582864833e-09,-1.018599864159007794e-10,-5.556783703576272382e-01,1.370591615587793410e-01,-1.395999852548909459e+00,-1.396000005694428392e+00,-4.414454329443288638e-01,-9.982386521609756813e-02,9.429668579071220219e-05,9.989341181936266523e-01,1.745000104405098229e+00,3.449998805692310877e-01,1.235186188304599533e-07,-8.046895253920430813e-01,1.488011560900436014e-01,1.395999852733688762e+00,1.395999923881010574e+00,-2.930005134427244862e-01,-1.504535219674162927e-01,-1.892673964209529917e-04,1.093506385306521445e+00,1.745000107808156953e+00,-3.449998516971014562e-01,-1.257317642250221587e-07
-4.435792553570441256e-03,1.615275016393282748e-01,3.052591432840842112e-01,-1.277642356277891578e-02,5.318322193636905448e-03,1.560790684309799614e+00,-8.680088611893654882e-02,5.011117632706317548e-02,-2.377584627361854080e-02,-1.946327420750551540e-02,-1.331569721386248184e-01,-1.138575871469955404e-03,1.989812629587954344e-03,1.677443026561326322e-01,2.607001378871204311e-01,7.781638040780007721e-09,-2.698766980705734955e-10,-5.706077608198590889e-01,1.538347433899683037e-01,-1.395999849041165142e+00,-1.396000005228954510e+00,-4.352608046162511068e-01,-1.102949240202234782e-01,5.636791311254812226e-05,1.006949308214140970e+00,1.745000100309604507e+00,3.449998851151124812e-01,-1.181297438228195381e-07,-7.952180763349414594e-01,1.700792517367353263e-01,1.395999853079151976e+00,1.395999929901878822e+00,-4.120330869118249417e-01,-1.710706137514301228e-01,-1.134932760728597149e-04,1.204729850023184889e+00,1.745000101330606901e+00,-3.449998478440882699e-01,1.226542287647212112e-07
-6.402334199170154304e-03,1.627510849334290466e-01,3.041123321817497671e-01,-1.709309615521623082e-02,5.679143240617430706e-03,1.560726762435314274e+00,-5.385080557523591605e-02,3.102912964393335707e-02,-2.870515359587712950e-02,-1.010326517645530539e-02,-1.078193733441753233e-01,-1.004643201237438981e-03,4.219260347933612653e-04,1.712842723141747847e-01,2.600845644586596839e-01,8.757459863907555168e-09,-4.348407404967368552e-10,-5.855656675776664821e-01,1.619004975542810698e-01,-1.395999846039990722e+00,-1.396000006528438586e+00,-4.363519498627492221e-01,-1.149777767860857003e-01,3.402194386866157910e-05,1.022563646190564723e+00,1.745000102138492437e+00,3.449998903451376164e-01,1.231941025594535461e-07,-7.099835110244276937e-01,1.788473796367412161e-01,1.395999850732606795e+00,1.395999933440192464e+00,-5.473356589508910908e-01,-1.794421470143238717e-01,-6.798752088483524898e-05,1.255469687005994928e+00,1.745000101889390809e+00,-3.449998415938499430e-01,1.121182078201363772e-07
-7.047079830693818783e-03,1.639687502256598484e-01,3.033951421104248980e-01,-2.023582038117254650e-02,5.558616208891459416e-03,1.560684177888138846e+00,-1.953475111793817609e-02,3.034572629391116966e-02,-1.800512871718187857e-02,2.220228215206150948e-03,-7.859333518338147695e-02,-6.231509024077707369e-04,-1.807841043881657232e-04,1.741560790570103046e-01,2.596173817352994129e-01,4.015484162912783553e-09,-5.690391706429075771e-10,-5.977404449570290490e-01,1.627400422362147436e-01,-1.395999844213240415e+00,-1.396000010834993699e+00,-4.334089878072561741e-01,-1.137875847150872088e-01,1.937059951402902297e-05,1.031536964609993001e+00,1.745000112612565824e+00,3.449998918420280614e-01,-1.219445641396093776e-07,-6.084766978682092375e-01,1.769084207118621632e-01,1.395999846028961322e+00,1.396000582324524952e+00,-6.320716747943611047e-01,-1.772652120189035507e-01,-4.079223182768827700e-05,1.238910656407856692e+00,1.745000111489011685e+00,-3.449998342001928675e-01,-1.319683662436923435e-07
-6.421488793465765683e-03,1.656303520903972815e-01,3.030696813517596011e-01,-1.868393513489524649e-02,4.570672846202737671e-03,1.560704727308327433e+00,1.731511202861963500e-02,4.045008724960204305e-02,-8.200313414120986508e-03,2.508923804054002948e-02,3.854516878638447608e-02,3.172426033489499260e-04,1.839491812120976110e-04,1.766769697538152495e-01,2.591534191008988963e-01,-1.503153828118244369e-09,-7.205748435416247435e-10,-6.082449628301734856e-01,1.572438668541032980e-01,-1.395999843769501148e+00,-1.396000015981287756e+00,-4.216446690704553357e-01,-1.118733780477415563e-01,1.183555736024560073e-05,1.030522421818665046e+00,1.745000124970079280e+00,3.449998902541000501e-01,1.271400762069807824e-07,-5.151630561176523404e-01,1.673451587532571450e-01,1.395999843044409161e+00,1.395999850840432099e+00,-6.640131275560308133e-01,-1.675591844855524037e-01,-2.445459656880984129e-05,1.178214354530281227e+00,1.745000120324887716e+00,-3.449998318568282540e-01,1.141818553256378591e-07
-3.798871907506590380e-03,1.687521182670778941e-01,3.029221603487192715e-01,-6.801115069693892956e-03,2.802190992617690276e-03,1.560631415593419113e+00,7.843573194549466332e-02,7.599516051016766416e-02,-3.699186781787727578e-03,4.721856087102518917e-02,2.966090749519436076e-01,-2.927933889426196073e-03,1.987792200582570463e-03,1.797412054856590280e-01,2.584916681026021013e-01,-1.271673322649077507e-08,-8.727944138235110063e-10,-6.225466764986130608e-01,1.403466271464671733e-01,-1.395999841099785144e+00,-1.396000024246276450e+00,-3.937887799692282864e-01,-1.127245903992147857e-01,7.170902050229570335e-06,1.016715890748870921e+00,1.745000144766689187e+00,3.449998923718468058e-01,-1.296702914311575769e-07,-4.547526446863818794e-01,1.464099130459478315e-01,1.396000112570168428e+00,1.395999877920464982e+00,-6.544056126895974046e-01,-1.465383399713586776e-01,-1.463647108552464077e-05,1.107003616611199170e+00,1.745000132646237434e+00,-3.449998276991080859e-01,-1.290018018857942325e-07
-6.569318195247925672e-04,1.683601927522553887e-01,3.046528842539681925e-01,-5.278492868684991207e-03,2.387470937552964995e-03,1.546376046359316359e+00,7.876333624188014415e-02,-1.015868939234632062e-02,4.323642857562925990e-02,1.102494895812886760e-02,3.788142582881143250e-02,-3.564890448209493412e-01,4.469089024962692377e-03,1.790711028813011807e-01,2.598791460864209313e-01,1.345400684683399824e-08,8.387254089657941982e-09,-6.395267211381888695e-01,1.166115734250813274e-01,-1.395999838025271167e+00,-1.396000022719900979e+00,-3.777863056628409377e-01,-1.000337559173914981e-01,-1.425157331426743501e-07,1.002429495256888403e+00,1.745000121036028196e+00,3.449998931289707249e-01,-1.188372138759846118e-07,-4.295598934101255151e-01,1.202494923275934935e-01,1.395999806440638702e+00,1.395999887058019695e+00,-6.402420346744230883e-01,-1.203278598827206558e-01,-7.095418757160978647e-06,1.069857592178850680e+00,1.745000084976396026e+00,-3.449998205952960473e-01,1.175289615210652188e-07
4.070869709102467246e-03,1.700582509999014891e-01,3.058406992789365897e-01,-3.258720888237958552e-03,2.836666817378861484e-03,1.545733886148652925e+00,1.203344866872853858e-01,4.288937957387783245e-02,2.974984000182928287e-02,-9.977294364829851492e-03,5.075650911419068989e-02,-1.618590031840944077e-02,8.087068842625597109e-03,1.802164928303955083e-01,2.607460236446673130e-01,-1.146499512615546472e-08,-3.729447330326168561e-09,-6.577124863950457589e-01,8.597131060391027813e-02,-1.395999846328731309e+00,-1.396000016492249696e+00,-3.570104450279189545e-01,-7.601586167476959144e-02,-2.891007657862716684e-06,9.874599350354753557e-01,1.745000123676692327e+00,3.449998928640022333e-01,1.363334795693038912e-07,-4.305538685832644430e-01,8.815061357621564730e-02,1.395999817082797634e+00,1.395999897529152101e+00,-6.225470519573494954e-01,-9.399086865059347318e-02,2.250316067845018158e-04,1.053161797437134339e+00,1.745000138071320039e+00,-3.449998269730770173e-01,-1.307192338125793980e-07
1.057638827213601244e-02,1.734483739204286112e-01,3.064127396573155804e-01,-5.189561304908802720e-03,-6.117232695212188390e-03,1.534437490252561931e+00,1.590603933565422623e-01,7.519257890541053424e-02,1.335172785162796333e-02,2.222647642939623303e-01,-5.512302700050807081e-02,-2.824920820247809883e-01,1.316322207855220340e-02,1.824630167593592200e-01,2.609722481799937044e-01,-4.854031638677218573e-09,4.234570609213771256e-09,-6.754178909363256489e-01,4.879025006477888393e-02,-1.395999841715699574e+00,-1.396000021098542820e+00,-3.074380054602403045e-01,-4.189270499910324741e-02,-4.994796466800850709e-06,9.664908824660864983e-01,1.745000156400865476e+00,3.449999024406896209e-01,-1.194457955241556548e-07,-4.455182896373413581e-01,5.009432201629357428e-02,1.395999816700324914e+00,1.395999903303556167e+00,-5.999589800882878521e-01,-5.360533750749363335e-02,1.557613731254802771e-02,1.045525814893904837e+00,1.745000139926194072e+00,-3.449998188173786784e-01,1.223203974848684302e-07
1.786650466273533716e-02,1.776460936763313847e-01,3.069707563175600451e-01,-6.288855726885361243e-03,-1.143971502145153113e-02,1.528221434448443050e+00,1.801338874698510673e-01,9.928860838376502018e-02,1.334332729120594335e-02,1.318750702491236493e-01,-3.271035138586414481e-02,-1.556431487867502850e-01,1.876396013477790031e-02,1.853983029536019067e-01,2.611944053040416991e-01,-1.911685722592955707e-08,-8.177461779436802164e-10,-6.900168010101822569e-01,7.668953432608094367e-03,-1.395999850151588006e+00,-1.395999320596836624e+00,-2.579385708215206630e-01,-2.945221357148294916e-03,-6.423460495658291081e-06,9.370667109998740418e-01,1.745000145239287148e+00,3.449998923717359500e-01,1.336965706788996977e-07,-4.669447911833353726e-01,8.460638129840297728e-03,1.395999826134765698e+00,1.395999911563921003e+00,-5.717454343339057887e-01,-1.057380364625745695e-02,2.397708506201863543e-02,1.039030905875304889e+00,1.745000148098813542e+00,-3.449998304237336666e-01,-1.308509095448630215e-07
2.561523086257528475e-02,1.824422629672722007e-01,3.074644331330997904e-01,-5.613808747283220192e-03,-1.505438857940248967e-02,1.528066123325468650e+00,1.942649506367448708e-01,1.159599072145117149e-01,1.192112343836704280e-02,9.100428215337973137e-02,1.300616318173795222e-02,-3.659224688112611146e-03,2.466218755950794206e-02,1.888198758940789757e-01,2.613724454645695583e-01,-2.312188731128180288e-08,-4.413582695377461626e-09,-6.997080603860489356e-01,-3.338424722829114177e-02,-1.395999857767114882e+00,-1.396000093443155121e+00,-2.040820396946124715e-01,3.779698749289352872e-02,-7.310469703964046773e-06,8.978761209191949977e-01,1.745000137046373245e+00,3.449998824448837209e-01,-1.188105609694720987e-07,-4.897540702672394386e-01,-3.291779056847823903e-02,1.395999833838745374e+00,1.395999917152085601e+00,-5.337024221714803396e-01,3.164211429784608703e-02,2.388535459121184090e-02,1.028379985738701485e+00,1.745000153371141893e+00,-3.449998409613337924e-01,1.224409854680466661e-07
3.238410919207464905e-02,1.868056800427317643e-01,3.072473571265637027e-01,-4.355769906259066709e-03,-1.083614811926870113e-02,1.534594862513519731e+00,1.715306717979184770e-01,1.135351781814269573e-01,-4.925324389771262162e-03,-1.041337938399498481e-01,3.558494762292602892e-02,1.636261946586517191e-01,2.964395121859583065e-02,1.917640621408948087e-01,2.610506772846364343e-01,-2.888813701122734991e-08,-6.695562633723019083e-09,-7.233703771688079209e-01,-7.642175588155286636e-02,-1.395999871433079242e+00,-1.396000055142875507e+00,-1.664776737068461854e-01,7.906975700074546365e-02,-2.318477807252829572e-06,8.863345216099107748e-01,1.745000115658916107e+00,3.449998674100303586e-01,1.271723884633725767e-07,-5.138475159117097402e-01,-7.494539963119142834e-02,1.395999847888866441e+00,1.395999925774573214e+00,-4.950461825328777432e-01,6.738191946021673817e-02,1.433141432729141684e-02,1.011691183744238387e+00,1.745000142869862048e+00,-3.449998634763973837e-01,-1.266867347629549376e-07
3.757578105680231539e-02,1.910395427188216755e-01,3.072819218748917836e-01,5.441870944305557053e-03,-7.053862849861680315e-03,1.538555661568685062e+00,1.410084022014534977e-01,1.095693165723312656e-01,1.285572833379548113e-03,-8.612180574514811948e-02,2.480259407729003551e-01,1.012111056194039821e-01,3.330038983570585837e-02,1.952650535775496687e-01,2.613560757540333568e-01,-1.928774332823974391e-08,-2.352800539487208310e-09,-7.636008337999268258e-01,-1.122452260954488468e-01,-1.395999876744910217e+00,-1.396000039335127507e+00,-1.774863024852314508e-01,1.138340017393321968e-01,5.476409732783942474e-07,9.389709985097443035e-01,1.745000127607113205e+00,3.449998457183321432e-01,-1.191307360991576523e-07,-5.343067262717455801e-01,-1.077651966699241515e-01,1.396000092017766869e+00,1.395999929443278553e+00,-4.638407014503741488e-01,8.242913262284734532e-02,8.598888572933074959e-03,9.998483351990348211e-01,1.745000129558520685e+00,-3.449998808365391523e-01,1.196209334193214153e-07
4.206496755847817515e-02,1.944732190330562271e-01,3.066092737873029050e-01,1.177040244679207655e-02,-4.107408220109892011e-03,1.541002367881889379e+00,1.194628685822525932e-01,8.883870818864597618e-02,-1.655325655607705129e-02,-6.871953155201114549e-02,1.604199605619523461e-01,6.205061970166265289e-02,3.655848667650538758e-02,1.994687569623476708e-01,2.613149148716511494e-01,-7.308296538167379259e-09,-2.841854682164558190e-10,-7.989472012378110444e-01,-1.449422443345290690e-01,-1.395999877816996637e+00,-1.396000022656559647e+00,-2.752059591606829114e-01,1.458955594553536239e-01,1.874590491543902024e-06,1.073290863527577299e+00,1.745000118416369927e+00,3.449998506878122484e-01,1.267678993096192535e-07,-5.537829236770990260e-01,-1.342576456828782627e-01,1.395999834982198928e+00,1.395999929868763090e+00,-4.443102457623886448e-01,9.825748667298703221e-02,5.159047985518097623e-03,9.991187791061850731e-01,1.745000118417742607e+00,-3.449998807801405443e-01,-1.245723250835680056e-07
4.543616213319332658e-02,1.967790312242314044e-01,3.056008126368523481e-01,1.698181290042344305e-02,-1.503347498177026254e-03,1.542462354335442098e+00,9.017177343222676500e-02,6.032386789524564474e-02,-2.501605365921441212e-02,-6.128800716145438310e-02,1.321220098733835169e-01,3.686516806410820857e-02,3.912831005428438896e-02,2.033871531296134183e-01,2.610125695434696858e-01,1.776216271350343010e-09,6.752948360429109524e-10,-7.917672459509498273e-01,-1.677635923170816001e-01,-1.395999880802570203e+00,-1.396000010881757181e+00,-4.013531301840299603e-01,1.683355131618934353e-01,2.141582173640220097e-06,1.192602776431958445e+00,1.745000110232516333e+00,3.449998462751340256e-01,-1.175151673541781455e-07,-5.694695266500351405e-01,-1.521538062951230119e-01,1.395999846927171717e+00,1.396000586629193574e+00,-4.369892081138432305e-01,1.093550314504382615e-01,3.095262120115419013e-03,1.007474546484891320e+00,1.745000108504609182e+00,-3.449998860595512307e-01,1.208972600443055049e-07
4.754614486510701926e-02,1.982674155210593647e-01,3.044994637978520879e-01,2.069479768897647398e-02,7.960397609538057313e-04,1.543398264441182333e+00,5.694474845682894609e-02,3.960826766769121737e-02,-2.737134891516587384e-02,-5.487607317082803665e-02,9.439041721632041027e-02,2.343058220321124832e-02,4.085443462198154463e-02,2.068152511488424439e-01,2.605479638749923499e-01,5.146358168965440985e-09,1.023443998258914024e-09,-7.362740141196825183e-01,-1.798578538066558652e-01,-1.395999883585096413e+00,-1.396000002560898512e+00,-5.270492930996252268e-01,1.802009345750910096e-01,1.928610399202089118e-06,1.263009908212721299e+00,1.745000107913480702e+00,3.449998405401357715e-01,1.245804830014424703e-07,-5.828817074308820789e-01,-1.620919016347321107e-01,1.395999854242199412e+00,1.395999857807907585e+00,-4.369957998942767263e-01,1.156138176910450344e-01,1.857063004054151922e-03,1.020482475711211201e+00,1.745000106736647405e+00,-3.449998903371259695e-01,-1.244124396203253931e-07
4.842288046688506681e-02,1.995254458569439837e-01,3.036472039140069579e-01,2.328278130050349601e-02,2.425178621814710889e-03,1.544026345686131840e+00,2.483795351960395997e-02,3.315548019996852891e-02,-2.120290335087644806e-02,-3.896143509823155049e-02,6.577879479771520099e-02,1.559782582722615135e-02,4.167886666478834434e-02,2.097520725189452317e-01,2.600723254173981092e-01,3.680436562640358592e-09,1.095589537364334723e-09,-6.478093929433146325e-01,-1.815147113167477899e-01,-1.395999885144809660e+00,-1.395999998505952799e+00,-6.217578203455546015e-01,1.817204880228662500e-01,1.544896464797805200e-06,1.268987777369117831e+00,1.745000113113907014e+00,3.449998347287941414e-01,-1.193992645147783982e-07,-5.945289046508042130e-01,-1.652548751254740156e-01,1.395999857252875564e+00,1.395999880251550529e+00,-4.365995191440882883e-01,1.165691915400636491e-01,1.114240087916454347e-03,1.031044435304954376e+00,1.745000112566294614e+00,-3.449998921232785287e-01,1.241462107565915862e-07
4.784132322787322533e-02,2.015412437358072018e-01,3.033320623496608692e-01,2.231341494735792838e-02,2.051014118707930080e-03,1.544359415016657078e+00,-1.556754660023664666e-02,5.002433746018689065e-02,-7.892275623492223807e-03,8.706168300760250278e-03,-2.447434782585343471e-02,8.380971684446934106e-03,4.141006323235308512e-02,2.127151682361834439e-01,2.595263846166172006e-01,-1.873494086075873507e-09,1.196523001668943018e-09,-5.387963918764502314e-01,-1.697089833839794670e-01,-1.395999886971971193e+00,-1.395999996524135423e+00,-6.578426210564972676e-01,1.698324085695522012e-01,1.162312537592445258e-06,1.196298431616218183e+00,1.745000126172775001e+00,3.449998282218373902e-01,1.261645389772111746e-07,-6.067166892577657844e-01,-1.587528462707213373e-01,1.395999855224629549e+00,1.395999889516377657e+00,-4.235623000565441609e-01,1.135423100683465025e-01,6.685890790598253419e-04,1.030261425235007522e+00,1.745000128283882290e+00,-3.449998927130361048e-01,1.163443182911827311e-07
4.571008562320051649e-02,2.043521764999027823e-01,3.029939568357393753e-01,1.033223217377670332e-02,1.662624762895403233e-03,1.544570474720875719e+00,-6.626982811417628239e-02,7.019779569602327407e-02,-8.279679647784390223e-03,1.820171131326090395e-03,-2.996844517278125508e-01,5.832671303472859031e-03,3.996573054971291200e-02,2.156960145929427142e-01,2.587285607131986076e-01,-8.986370596082900316e-09,1.292163082369658920e-09,-4.641207475499262713e-01,-1.530271894672487198e-01,-1.395999887943174755e+00,-1.395999988507782508e+00,-6.575004208991035437e-01,1.531012449535647246e-01,8.278266532689464640e-07,1.121435878336157765e+00,1.745000128431988040e+00,3.449998305793836040e-01,-1.205154929795029996e-07,-6.184292932260733178e-01,-1.464518355202027444e-01,1.395999851558882732e+00,1.395999893290269966e+00,-4.021405149698230042e-01,1.173259214185614629e-01,4.012116044269237181e-04,1.020584042588820850e+00,1.745000139009489359e+00,-3.449998911774922461e-01,-1.371410655031446591e-07
4.170672842347794562e-02,2.080366398753145663e-01,3.029029036817926790e-01,-8.444923980822801029e-04,1.426736336464449247e-03,1.544694948170572291e+00,-1.122059541087951917e-01,9.217336786366939205e-02,-2.242735152362799501e-03,-1.414629082156271950e-03,-2.794793359523255472e-01,3.543452299201170670e-03,3.697305601674313880e-02,2.190091991200338595e-01,2.582130640700928681e-01,-1.428683644009878948e-08,1.132620481017345125e-09,-4.296786549683131451e-01,-1.314191349149282095e-01,-1.395999890071630389e+00,-1.395999989822942933e+00,-6.460994232349051014e-01,1.314634626478590473e-01,6.416164024945807598e-07,1.075280019403177301e+00,1.745000136445310934e+00,3.449998223585835633e-01,1.257270321929038476e-07,-6.326556838286696571e-01,-1.274714424603780594e-01,1.395999855007040047e+00,1.395999899883358708e+00,-3.748902721870667198e-01,1.099969272229038841e-01,2.407403315580342040e-04,1.007557122617840584e+00,1.745000141864553322e+00,-3.449998982215651266e-01,1.198682137428732298e-07
3.742818355916001372e-02,2.108957053907647983e-01,3.047503542110752139e-01,4.329743208951475526e-03,3.224433514737685275e-03,1.546061631030161143e+00,-1.011615330873873453e-01,7.328413885187476384e-02,4.635754917785503415e-02,-4.164031519766500655e-02,1.304563521460198050e-01,3.386624803888536872e-02,3.384129146711510605e-02,2.210663362269588150e-01,2.596699122948425420e-01,-9.070284858697263296e-09,-4.272561912572953161e-10,-4.306040551698824270e-01,-9.485288069091782348e-02,-1.395999885734393153e+00,-1.395999331238313435e+00,-6.260587260880476901e-01,9.566931416652593723e-02,1.655269990096714695e-03,1.056362594896433693e+00,1.745000133950255217e+00,3.449998195403410350e-01,-1.295017987658386443e-07,-6.535890796157486360e-01,-9.248740010640560394e-02,1.395999859119499753e+00,1.395999908801051070e+00,-3.495853348854930931e-01,7.669935242736281023e-02,1.437399770111841280e-04,9.901379654255251239e-01,1.745000126248085204e+00,-3.449998909535065272e-01,-1.327454851050078665e-07
3.184350528473092051e-02,2.152407612448934693e-01,3.058420850300520022e-01,5.664737035298342792e-03,5.648695644124675924e-03,1.546135006688232671e+00,-1.380960387447332238e-01,1.112225812503127298e-01,2.752465665003635958e-02,-5.976389811719034356e-02,3.486107780579496274e-02,1.686322149316119012e-03,2.964665944371387002e-02,2.243006014632029643e-01,2.603799630201438786e-01,-1.950156025771160415e-08,8.847968078133879017e-10,-4.455542434803001495e-01,-5.411454415097863291e-02,-1.395999883714793555e+00,-1.396000081504117585e+00,-6.020369902862936495e-01,5.884150835108251099e-02,1.435610730571996486e-03,1.047405709903050708e+00,1.745000142220626715e+00,3.449998280426408437e-01,1.292674121511693623e-07,-6.729490563337880982e-01,-5.269769524980244535e-02,1.395999858424748830e+00,1.396000605212625922e+00,-3.166163168652479931e-01,4.152993927682346875e-02,8.698678909131729586e-05,9.680889985665830366e-01,1.745000137414211006e+00,-3.449998916810818606e-01,1.191508482798412468e-07
2.525141547545226364e-02,2.206309274717841717e-01,3.066896311940247033e-01,6.418651553618230296e-03,8.241581912252700023e-03,1.545696264683917853e+00,-1.639561254617955821e-01,1.375473756658801283e-01,2.143187174736907452e-02,-6.433324300818761554e-02,2.045424675989438584e-02,-1.109945037798422927e-02,2.467399887896369257e-02,2.283278468998824473e-01,2.608500461966019590e-01,-2.153831058166427823e-08,1.055044222571305916e-09,-4.669200853675607998e-01,-1.047327271424328132e-02,-1.395999881909249396e+00,-1.396000053092024462e+00,-5.729127013546511105e-01,1.796900134655679548e-02,8.628411481644013628e-04,1.040034091842797936e+00,1.745000144556130950e+00,3.449998319780757106e-01,-1.280637877531732489e-07,-6.885661239276303913e-01,-9.625774805956555102e-03,1.395999857944145717e+00,1.395999836496136348e+00,-2.758956190590156066e-01,1.776151947474935433e-03,5.301467952407989959e-05,9.380646915367494287e-01,1.745000140783918408e+00,-3.449998901254938133e-01,-1.306258115199084761e-07
1.746020328281073369e-02,2.269173237184095304e-01,3.073237152924246929e-01,1.039365507365172872e-02,2.175384716860896423e-03,1.553631615849589975e+00,-1.898299971544062104e-01,1.505383203201671738e-01,1.522380236859331368e-02,1.537225973230929577e-01,9.614829062182084218e-02,1.978672178269919590e-01,1.873187355302385892e-02,2.327634444352337240e-01,2.610871393531701834e-01,-5.397667299828917131e-09,-4.480639688690607017e-09,-4.925339376383408574e-01,3.810853430748026988e-02,-1.395999885735580648e+00,-1.396000034209454288e+00,-5.321707483701920705e-01,-3.360443715921476726e-02,1.158681181695054088e-02,1.024829115087444231e+00,1.745000137630790649e+00,3.449998265511066142e-01,-1.190773577807462923e-07,-6.995377665385811294e-01,3.901800163734742144e-02,1.395999856992346189e+00,1.395999864249705347e+00,-2.071829553617375308e-01,-4.529181785461278142e-02,3.838859257546123338e-06,8.912693192157696842e-01,1.745000155259352592e+00,-3.449998945622132496e-01,1.223381024916758842e-07
1.115186737890561108e-02,2.316854785348324841e-01,3.071270902466421426e-01,9.730021781304361642e-03,2.827232933241769722e-03,1.550502536983030755e+00,-1.587305189463003863e-01,1.198966875356700101e-01,-4.842844674903905994e-03,-1.660408288103337737e-02,-1.628269411481331197e-02,-7.818553663435912071e-02,1.401218603843072327e-02,2.360524514587725164e-01,2.608309170578330116e-01,-6.507864567279902368e-09,4.106608678035400200e-09,-5.151126755497263954e-01,7.805999973455579610e-02,-1.395999864858505468e+00,-1.396000025612250450e+00,-4.941121182288010227e-01,-6.856090894571906236e-02,6.954252181178181141e-03,1.009302262300909137e+00,1.745000124926312290e+00,3.449998640855134746e-01,1.334256331462331298e-07,-7.233155114247773465e-01,7.980412658402864789e-02,1.395999856561709329e+00,1.395999892740380943e+00,-1.683207728207157250e-01,-8.356776304547663958e-02,7.593364391758547765e-06,8.823628012709363588e-01,1.745000109774184072e+00,-3.449998677996789498e-01,-1.267539733629863140e-07
5.923541227500358879e-03,2.358327517858251621e-01,3.069254784490121346e-01,4.532967885301829401e-04,1.958816914443541231e-03,1.548609532421631130e+00,-1.409863327877992067e-01,1.029467661578226667e-01,-5.076431002296607521e-03,1.677985202308670404e-02,-2.323280348727831957e-01,-4.677013832024798368e-02,1.035811807609037828e-02,2.398163543836925593e-01,2.610611278035193106e-01,1.033089855745662451e-09,1.735031965245753210e-09,-5.374640574846754060e-01,1.124334678565176854e-01,-1.395999855805041712e+00,-1.396000018167997236e+00,-4.616699070029050556e-01,-8.593624831792798235e-02,4.172378965102144927e-03,9.995767851121499792e-01,1.745000114033832483e+00,3.449998774259951939e-01,-1.129534004731151901e-07,-7.731588934340061225e-01,1.186737573352023567e-01,1.395999848634358997e+00,1.395999898805159845e+00,-2.049620657383768862e-01,-1.209320252131537154e-01,9.461746526986878063e-06,9.725451413449075488e-01,1.745000115784490990e+00,-3.449998517748451010e-01,1.213735276411197045e-07
1.556293605700571339e-03,2.390488915656833746e-01,3.063097451584131936e-01,-6.814050719753190523e-03,2.717422364436341935e-03,1.547426766278938937e+00,-1.171680277276993670e-01,8.141332822547155124e-02,-1.534202069659234072e-02,-2.309829392721481078e-02,-1.812049497476296289e-01,-2.914435715645538605e-02,7.207694975801080296e-03,2.436778274358093188e-01,2.610659267470809008e-01,1.980844024246052993e-09,4.008511993795312913e-10,-5.556775575806589540e-01,1.370586995706850053e-01,-1.395999851586679164e+00,-1.396000013997821920e+00,-4.429974338645538690e-01,-1.003618464999831150e-01,2.503266714342648053e-03,9.989336341978642952e-01,1.745000107135583400e+00,3.449998803658957391e-01,1.276613731467673283e-07,-8.046890215130433344e-01,1.488001328758868647e-01,1.395999852227031823e+00,1.395999913351247734e+00,-2.916927608362976376e-01,-1.501551440950065208e-01,9.003218388861575488e-06,1.093511398387803091e+00,1.745000108274508133e+00,-3.449998515403355226e-01,-1.261578366535533352e-07
-1.756527190880789388e-03,2.411336761049076571e-01,3.053594144539753530e-01,-1.266104689821726664e-02,3.805641650524756257e-03,1.546700109473138740e+00,-8.920955391415091862e-02,5.346064727540184025e-02,-2.371156407630456431e-02,-3.066664442834414819e-02,-1.454878055478052434e-01,-1.768966616992734969e-02,4.754063180118666722e-03,2.473070820511504564e-01,2.608015087228884310e-01,6.470539582718212751e-09,-2.717085862620930390e-10,-5.706072688463457165e-01,1.538344663875313989e-01,-1.395999847532183757e+00,-1.396000011959290799e+00,-4.361920366644162494e-01,-1.106176892168650727e-01,1.501770354637724930e-03,1.006948477976836287e+00,1.745000101769514034e+00,3.449998851434591396e-01,-1.133130557088552628e-07,-7.952179918869870523e-01,1.700785250231325596e-01,1.395999852803440078e+00,1.395999922973390817e+00,-4.112464627817538632e-01,-1.708914769024675318e-01,7.315924835096729577e-06,1.204727498291100485e+00,1.745000102454319357e+00,-3.449998477132602548e-01,1.195800087194918268e-07
-3.766379123823652107e-03,2.424498782712850575e-01,3.042056710474989600e-01,-1.729469179533644693e-02,4.456551824514122344e-03,1.546250574873011541e+00,-5.530109160593581208e-02,3.374197777176243807e-02,-2.885463027645865028e-02,-1.908501641771355797e-02,-1.154103609289039850e-01,-1.075981476593708408e-02,3.190415970095944378e-03,2.509259742271369720e-01,2.601821360581149656e-01,7.945255589597086862e-09,-6.144912773827396711e-10,-5.855653821717250462e-01,1.619003435391965229e-01,-1.395999844085546115e+00,-1.396000012110707456e+00,-4.369106219214333175e-01,-1.151714255031144052e-01,9.008398498201487803e-04,1.022562844199825127e+00,1.745000102954018084e+00,3.449998905298309881e-01,1.255909216415180918e-07,-7.099836245200485951e-01,1.788469254651134377e-01,1.395999850563556244e+00,1.395999928869248841e+00,-5.468591198325249980e-01,-1.793346502735776449e-01,5.466569440051791400e-06,1.255466917785458936e+00,1.745000103063908181e+00,-3.449998413641733874e-01,-1.241143821695125263e-07
-4.426283654859322625e-03,2.437332100592754514e-01,3.034793738696411891e-01,-2.062148741758062717e-02,4.569764006462443025e-03,1.545978706575547701e+00,-2.013066588017659725e-02,3.230122838527793583e-02,-1.821475225377362783e-02,-4.881988253244037151e-03,-8.307394002692400359e-02,-6.421349549456808851e-03,2.605623471714198138e-03,2.538553377599898075e-01,2.597079996114227685e-01,3.537127504820778620e-09,-7.829245447162517200e-10,-5.977402935452837962e-01,1.627399624799626132e-01,-1.395999842148415659e+00,-1.396000015362917512e+00,-4.337441434161186105e-01,-1.139037677233555312e-01,5.405991422661217405e-04,1.031536384261015016e+00,1.745000113091472960e+00,3.449998921201974378e-01,-1.170193417930103142e-07,-6.084765943046488434e-01,1.769081477696267668e-01,1.395999845891863878e+00,1.395999929749505597e+00,-6.317946772870250971e-01,-1.772007145270939610e-01,3.758799470168703021e-06,1.238908327013843458e+00,1.745000112491676525e+00,-3.449998338877399151e-01,1.217364393101979211e-07
-3.790262356413878417e-03,2.454330961562800617e-01,3.031451560591871264e-01,-1.916577166592901491e-02,3.769296050021963239e-03,1.545860153956447824e+00,1.744665922715447903e-02,4.159203164916513984e-02,-8.403037495196332210e-03,2.091074935886777855e-02,3.588354883717911892e-02,-3.115556344297556839e-03,2.998685310315186807e-03,2.564118696041567391e-01,2.592360073153135991e-01,-1.761866627553667434e-09,-9.117663708132109866e-10,-6.082448869175409722e-01,1.572438283817918780e-01,-1.395999841812443520e+00,-1.396000019478358833e+00,-4.218457430886519144e-01,-1.119430817127476940e-01,3.244494034510027325e-04,1.030522042907794145e+00,1.745000125270808944e+00,3.449998905729266818e-01,1.284119169636550756e-07,-5.151626905613799767e-01,1.673449907685390925e-01,1.395999842984013029e+00,1.395999931854368548e+00,-6.638448866171178242e-01,-1.675204811518207215e-01,2.524191328226385860e-06,1.178212571712566881e+00,1.745000121104845370e+00,-3.449998315015314621e-01,-1.254843991572011411e-07
-1.124322770810716986e-03,2.485545999462220601e-01,3.029913122359729760e-01,-7.326229011624059428e-03,2.148547237415693225e-03,1.545702539131561748e+00,7.943538456724924535e-02,7.596025920369321727e-02,-3.838003516342939313e-03,4.790948525816083464e-02,2.948847539990256950e-01,-4.816186852475589329e-03,4.847983346084556132e-03,2.594828417260170439e-01,2.585673342680083198e-01,-1.282876957716166036e-08,-1.027466709012287200e-09,-6.225466360624538620e-01,1.403466083557525501e-01,-1.395999839460306369e+00,-1.396000026805216176e+00,-3.939094380464289169e-01,-1.127664083910085990e-01,1.947463803017059070e-04,1.016715669555281920e+00,1.745000144961272870e+00,3.449998926851188252e-01,-1.249109328444024508e-07,-4.547489884992217402e-01,1.464097965337688989e-01,1.396000112472060017e+00,1.395999937267035307e+00,-6.543042531655922645e-01,-1.465151007622034207e-01,1.678564885579311987e-06,1.107002818068492100e+00,1.745000133223169936e+00,-3.449998273437354102e-01,1.229014213892900577e-07
3.687382864822751505e-03,2.525522848512707919e-01,3.029867430448399679e-01,2.655472560151795475e-03,2.008534011604743395e-03,1.545575251013099560e+00,1.311076092470003784e-01,9.951830389163464352e-02,-1.030662516328206650e-04,9.776448847490119831e-03,2.493770598113372317e-01,-3.700891208151694221e-03,8.464742190431336424e-03,2.629670481967060769e-01,2.581392719090775389e-01,-1.970654881218774282e-08,-9.541887695157942061e-10,-6.395257123991882064e-01,1.166087675443386040e-01,-1.395999836411921713e+00,-1.396000024885479807e+00,-3.631522024275699034e-01,-1.000617039206445069e-01,1.168935477086109620e-04,1.002434063704479072e+00,1.745000145136138547e+00,3.449999019144388557e-01,1.306430910230046206e-07,-4.295546229283752626e-01,1.202497502283934039e-01,1.395999804569934888e+00,1.395999936065941860e+00,-6.401852678268635799e-01,-1.203128069372199072e-01,1.174300234210654264e-06,1.069871794595977033e+00,1.745000139862658228e+00,-3.449998184847185012e-01,1.143432467758633854e-07
7.823489244479191543e-03,2.551251848659942811e-01,3.044716099203367277e-01,-1.622891917954332342e-03,4.616588292324763816e-03,1.544568643130771468e+00,9.873258407638094147e-02,6.727495393271244739e-02,3.738397169800415643e-02,-6.793097502336395421e-02,-1.052463240310237969e-01,-2.481089030180010785e-02,1.150840990276995671e-02,2.648522172504793049e-01,2.592962363033033957e-01,-8.643361128923403432e-09,4.421809709116628394e-10,-6.577120738982171755e-01,8.596869325159775532e-02,-1.395999847542900518e+00,-1.396000014301093994e+00,-3.413893615151405991e-01,-7.025764908504494866e-02,7.041207744740499153e-05,9.874627010762626611e-01,1.745000120932112209e+00,3.449998850766676783e-01,-1.231076334096729229e-07,-4.305534703208497294e-01,8.815055020598178137e-02,1.395999813835357983e+00,1.395999921928685161e+00,-6.225133315908921716e-01,-8.819551052055496498e-02,1.074177819483912964e-03,1.053174558325404409e+00,1.745000127807231349e+00,-3.449998292710734216e-01,-1.368145278019847731e-07
